cfi_ucesem,tli_ucesem,rmsea_ucesem,bic_ucesem,nfactors
0.9065623387067091,0.8702865407928433,0.04314648219775958,121701.63090814666,9
