cfi_esem,tli_esem,rmsea_esem,bic_esem
0.7466654822627317,0.6980457263333569,0.06542984202333113,150341.8464219779
