cfi_ucesem,tli_ucesem,rmsea_ucesem,bic_ucesem,nfactors
0.9199453545872972,0.8843292062200132,0.040536638011837,137197.19304196734,10
