cfi_ucesem,tli_ucesem,rmsea_ucesem,bic_ucesem,nfactors
0.9166526534011804,0.8745537385374909,0.04217296572019646,147897.59090470898,11
