cfi_esem,tli_esem,rmsea_esem,bic_esem
0.7951317765023443,0.7558136325987539,0.05919889212671128,122606.1722414108
