cfi_esem,tli_esem,rmsea_esem,bic_esem
0.7787651730998242,0.7363059638967601,0.06120487602844383,139037.11086308985
