model,cfi,tli,rmsea,bic
big_five,0.6836416699491357,0.670615150476453,0.06875506259743325,123483.82597156933
bifactor,0.84093033396371,0.818352703945656,0.05105841640292256,121387.07821293689
higher_order,0.7845581789587751,0.7736901939210872,0.05699077441169406,121683.61722251672
acquiescence,NA,NA,NA,NA
network,0.9333567345597421,0.9147081852283032,0.03498698774410897,120992.56039360893
