cfi_esem,tli_esem,rmsea_esem,bic_esem
0.8033245821525224,0.7421734018133908,0.06120035672130561,732370.3422175098
